-- author: cairuoyu
-- github: https://github.com/cairuoyu/flutter_admin_resource
-- Host: cairuoyu.com    Database: flutter_admin
-- ------------------------------------------------------
-- Server version	8.0.20

insert into subsystem (id, code, name, url, order_by, remark, state, create_time, update_time, creater_id, update_id)
values  ('1', 'flutterAdmin', 'flutter后台管理系统', '', '1', '1', '1', '2021-01-07 09:43:16', '2021-01-07 16:49:12', null, null);

insert into menu (id, name, name_en, icon, pid, url, module, remark, create_time, update_time, order_by, subsystem_id)
values  ('09717ccdb94e60c56e8dc83665927f73', '二级菜单', 'Secondary Menu', null, '0f5d542cd9b80eee7022bb4e0182868e', '', null, '', '2020-07-23 16:02:13', '2020-07-23 16:03:13', 91, '1'),
        ('09d8ce8879e909472330cb203fc9b5b8', '三级菜单', 'Level Three Menu', null, '09717ccdb94e60c56e8dc83665927f73', '/threeLevel', null, '', '2020-07-23 16:03:38', null, 910, '1'),
        ('0f5d542cd9b80eee7022bb4e0182868e', '树结构一级菜单', 'Tree Structure - First level Menu', null, null, '', null, '', '2020-07-23 15:40:15', '2020-11-25 15:38:38', 99, '1'),
        ('3e7326f144c015cfe9de96d4e8b11d82', '人员管理', 'Personnel List', 'person', null, '/personList', null, '', '2020-07-23 10:36:05', null, 7, '1'),
        ('4355afd5b50aca324022870f86360e45', '视频上传', 'Video Upload', 'video', '45f78d3f93e1165e1ffdd114f81ad02c', '/videoUpload', null, '', '2020-07-23 13:46:45', '2021-07-05 16:09:53', 6, '1'),
        ('44cfc2b5bdb4614245bf35ed338cb463', '图表', 'chart', 'chart', null, '', null, '', '2021-02-20 11:46:05', '2021-03-03 14:33:28', 12, '1'),
        ('45f78d3f93e1165e1ffdd114f81ad02c', '门户管理', 'Portal', 'subsystem', null, '', null, '', '2021-07-05 16:09:34', '2021-07-06 15:51:34', 6, '1'),
        ('50e81baa15f412615b2cbe4675173a51', '角色管理', 'Role List', 'role', null, '/roleList', null, '', '2020-08-22 10:11:26', '2021-08-27 15:42:38', 1, '1'),
        ('77cc18b1b4a9a84ead63b9e3bb950ab4', '菜单管理', 'Menu List', null, null, '/menuList', null, '', '2020-07-23 15:25:22', '2020-07-23 15:34:17', 3, '1'),
        ('80b372de418100bc4478b81ee4983876', '图片上传', 'Image Upload', 'image', '45f78d3f93e1165e1ffdd114f81ad02c', '/imageUpload', null, '', '2020-07-23 13:46:22', '2021-07-05 16:09:43', 5, '1'),
        ('95edab28a9dff3a16da447710087a6a6', '基本设置', 'Base Setting', 'info', 'a9639e0bfffb7b476012a3ff7afdf5ad', '/settingBase', null, '', '2021-08-27 15:48:58', '2021-08-27 15:48:58', 1, '1'),
        ('a9639e0bfffb7b476012a3ff7afdf5ad', '系统设置', 'Setting', 'dict', null, '', null, '', '2021-08-27 15:43:21', '2021-08-27 16:06:12', 11, '1'),
        ('aa79196feeeeb56f50255c552ad3b186', '人口统计', 'demographic', 'people', '44cfc2b5bdb4614245bf35ed338cb463', '/sAreaAgeGenderMain', null, '', '2021-02-20 11:46:53', '2021-03-03 14:35:07', 1, '1'),
        ('b5ea61ab57edf893d23898d3010c5ca3', '部门管理', 'Dept List', 'dept', null, '/deptMain', null, '', '2021-01-20 09:04:40', '2021-07-06 15:51:27', 5, '1'),
        ('d03a977b151634f66a7a8d552c5c05fb', '文章管理', 'Article', 'dept', '45f78d3f93e1165e1ffdd114f81ad02c', '/articleMain', null, '', '2021-03-19 13:56:18', '2021-07-05 16:10:11', 9, '1'),
        ('d9c714059bd16e658732872b942cf885', '用户管理', 'User List', 'info', null, '/userInfoList', null, '', '2020-07-23 13:46:02', '2021-07-06 15:51:17', 4, '1'),
        ('e49873ef4282a2121d5368922f66b73b', '子系统管理', 'Sub System', 'subsystem', null, '/subsystemList', null, '', '2021-01-04 17:00:37', '2021-01-07 14:17:52', 2, '1'),
        ('e537a5ce3a698117ca8ace5f94890400', '二级菜单', 'Secondary Menu', null, '0f5d542cd9b80eee7022bb4e0182868e', '/secondLevel', null, '', '2020-07-23 16:01:59', '2020-07-23 16:03:07', 92, '1'),
        ('ebf18e86fa0e086c629e1017a9972bc9', '数据字典管理', 'Dict List', 'dict', null, '/dictList', null, '', '2020-10-14 10:51:39', null, 8, '1');

insert into user (id, user_name, password, create_time, update_time, face)
values  ('db288d951c390afb08c8341088bd90fa', 'admin', 'admin', '2020-08-20 10:39:35', null, null);
 
 
 insert into user_info (id, user_id, user_name, nick_name, avatar_url, gender, country, province, city, name, school, major, birthday, entrance, hometown, memo, dept_id, create_time, update_time)
values  ('ef8297d1c7333cdc6aeefa96bb8fb89f', 'db288d951c390afb08c8341088bd90fa', 'admin', 'cry', 'http://www.cairuoyu.com/f/p4/u-20220612211648816-824764158.png', '1', null, null, null, 'cairuoyu', null, null, '1984-10-01', null, '广东省,汕尾市,城区', null, '27660193d6b1351646aff3981a69d005', '2020-08-20 10:39:35', '2022-06-12 01:52:15');

insert into dict (id, code, name, create_time, update_time, creater_id, state)
values  ('3', 'yesno', '是否', null, null, null, '1'),
        ('3098ac0bbe036b038c640e0db1eb574a', 'articleStatus', '文章状态', '2021-03-18 17:52:39', '2021-03-18 17:53:56', null, '1'),
        ('4', 'gender', '性别', null, null, null, '1'),
        ('5', 'dept', '部门', null, null, null, '1'),
        ('a9cff71a8b2d2bb65234a38e0c31f443', 'deptFun', '部门职能', '2021-01-18 16:34:40', '2021-01-18 16:34:40', null, '1');
        
insert into dict_item (id, dict_id, code, name, create_time, update_time, creater_id)
values  ('02a2900d3f7c8a72d05e8309f9b54016', 'a9cff71a8b2d2bb65234a38e0c31f443', '2', '干活的', null, null, null),
        ('10', '5', '1', '技术部', null, null, null),
        ('11', '5', '2', '产品部', null, null, null),
        ('12', '5', '3', '销售部', null, null, null),
        ('15b694e8d8cd2a7fdfe8b4d57b186343', '3098ac0bbe036b038c640e0db1eb574a', 'draft', '草稿', '2021-03-18 17:53:56', '2021-03-18 17:53:56', null),
        ('6', '3', '1', '是', null, null, null),
        ('7', '3', '0', '否', null, null, null),
        ('8', '4', '1', '男', null, null, null),
        ('867df0c4bbdde6eac4b7e0ace873bbb5', '3098ac0bbe036b038c640e0db1eb574a', 'public', '公开', '2021-03-18 17:53:56', '2021-03-18 17:53:56', null),
        ('9', '4', '2', '女', null, null, null),
        ('ce7cc4b68b3c6f42079c0f4ed641b7aa', '3098ac0bbe036b038c640e0db1eb574a', 'audit', '审核', '2021-03-18 17:53:56', '2021-03-18 17:53:56', null),
        ('ec90507742272342127fbc80fcb7379e', 'a9cff71a8b2d2bb65234a38e0c31f443', '1', '管事的', null, null, null);
        
insert into s_area_age_gender (id, area, age, age_g1, age_g2, age1, age1_g1, age1_g2, age2, age2_g1, age2_g2, age3, age3_g1, age3_g2, age4, age4_g1, age4_g2, age5, age5_g1, age5_g2, age6, age6_g1, age6_g2, age7, age7_g1, age7_g2, age8, age8_g1, age8_g2, age9, age9_g1, age9_g2, age10, age10_g1, age10_g2, age11, age11_g1, age11_g2, age12, age12_g1, age12_g2, age13, age13_g1, age13_g2, age14, age14_g1, age14_g2, age15, age15_g1, age15_g2, age16, age16_g1, age16_g2, age17, age17_g1, age17_g2, age18, age18_g1, age18_g2, age19, age19_g1, age19_g2, age20, age20_g1, age20_g2, age21, age21_g1, age21_g2, age22, age22_g1, age22_g2)
values  ('id2', '北京', 19612368, 10126430, 9485938, 115882, 60564, 55318, 569998, 300229, 269769, 501269, 266411, 234858, 500288, 263230, 237058, 1071078, 564868, 506210, 2633028, 1368039, 1264989, 2379014, 1223231, 1155783, 1824339, 955672, 868667, 1720601, 916825, 803776, 1656355, 884231, 772124, 1628804, 861742, 767062, 1347008, 691118, 655890, 1204596, 597114, 607482, 751256, 368042, 383214, 516364, 243021, 273343, 504005, 235799, 268206, 386374, 187209, 199165, 199673, 94819, 104854, 77475, 34359, 43116, 20345, 8256, 12089, 4064, 1505, 2559, 552, 146, 406),
        ('id3', '天津', 12938693, 6907091, 6031602, 81871, 43546, 38325, 379022, 201322, 177700, 397798, 212250, 185548, 408877, 216813, 192064, 801760, 424619, 377141, 1679442, 922933, 756509, 1341714, 751611, 590103, 1035675, 581531, 454144, 1045560, 580926, 464634, 1067997, 586050, 481947, 1097110, 583532, 513578, 998655, 518506, 480149, 918527, 466531, 451996, 582297, 292086, 290211, 370879, 180747, 190132, 295616, 140939, 154677, 231770, 110826, 120944, 134304, 62115, 72189, 52792, 23072, 29720, 13569, 5712, 7857, 3242, 1344, 1898, 216, 80, 136),
        ('id4', '河北', 71854210, 36430286, 35423924, 880194, 470526, 409668, 3897692, 2100526, 1797166, 4041271, 2168112, 1873159, 3273881, 1741355, 1532526, 5300038, 2699801, 2600237, 7592569, 3769523, 3823046, 5922757, 2953742, 2969015, 4816542, 2455915, 2360627, 5236791, 2640674, 2596117, 6303869, 3191301, 3112568, 5644591, 2824442, 2820149, 4794727, 2446341, 2348386, 4807022, 2421123, 2385899, 3422528, 1714865, 1707663, 2089275, 1045994, 1043281, 1648584, 823844, 824740, 1196136, 559163, 636973, 656732, 282274, 374458, 254168, 96610, 157558, 61672, 20257, 41415, 12231, 3719, 8512, 940, 179, 761),
        ('id5', '山西', 35712101, 18338760, 17373341, 345782, 181346, 164436, 1477029, 775404, 701625, 1866552, 978796, 887756, 2416653, 1259085, 1157568, 3370864, 1705179, 1665685, 3191889, 1622419, 1569470, 2712291, 1388574, 1323717, 2497375, 1287390, 1209985, 3289042, 1686158, 1602884, 3204150, 1657285, 1546865, 2848258, 1469270, 1378988, 2325620, 1213929, 1111691, 2048755, 1056489, 992266, 1412582, 724311, 688271, 937484, 478457, 459027, 783578, 396370, 387208, 571778, 277902, 293876, 281068, 127575, 153493, 103773, 42628, 61145, 22982, 8579, 14403, 4369, 1563, 2806, 227, 51, 176),
        ('id6', '内蒙古', 24706291, 12838243, 11868048, 204151, 107837, 96314, 914675, 479554, 435121, 1092749, 571128, 521621, 1264856, 658767, 606089, 1664924, 859999, 804925, 2083823, 1074514, 1009309, 2059761, 1078398, 981363, 1967778, 1041581, 926197, 2540644, 1335067, 1205577, 2508659, 1324061, 1184598, 2239534, 1173609, 1065925, 1813660, 941694, 871966, 1514664, 770719, 743945, 968236, 488645, 479591, 663946, 326461, 337485, 590293, 296727, 293566, 372560, 188701, 183859, 166815, 85147, 81668, 59205, 28776, 30429, 12404, 5535, 6869, 2766, 1252, 1514, 188, 71, 117),
        ('id7', '辽宁', 43746323, 22147745, 21598578, 264242, 138487, 125755, 1274719, 669590, 605129, 1634902, 861576, 773326, 1823114, 961852, 861262, 2512595, 1294179, 1218416, 3665298, 1865871, 1799427, 3041693, 1528615, 1513078, 3275788, 1667749, 1608039, 3720098, 1897745, 1822353, 4158958, 2120659, 2038299, 4266446, 2164862, 2101584, 3842788, 1936408, 1906380, 3514930, 1758634, 1756296, 2241311, 1111493, 1129818, 1542718, 759576, 783142, 1260721, 607155, 653566, 905172, 430172, 475000, 525299, 248861, 276438, 209064, 96304, 112760, 53725, 22983, 30742, 11560, 4548, 7012, 1182, 426, 756),
        ('id8', '吉林', 27452815, 13907218, 13545597, 177072, 93211, 83861, 901944, 475837, 426107, 1094295, 575786, 518509, 1118204, 587142, 531062, 1684347, 861243, 823104, 2501314, 1250052, 1251262, 1956582, 979216, 977366, 2171403, 1106604, 1064799, 2557636, 1302826, 1254810, 2893132, 1482282, 1410850, 2614467, 1328918, 1285549, 2150509, 1088849, 1061660, 2005362, 1000457, 1004905, 1324710, 653182, 671528, 837251, 405421, 431830, 680192, 335655, 344537, 429609, 208878, 220731, 232870, 113923, 118947, 91293, 43770, 47523, 23809, 10964, 12845, 6235, 2754, 3481, 579, 248, 331),
        ('id9', '黑龙江', 38313991, 19426106, 18887885, 248678, 131574, 117104, 1131065, 593885, 537180, 1497236, 782597, 714639, 1697462, 882788, 814674, 2257881, 1150699, 1107182, 3325297, 1670054, 1655243, 2816292, 1420146, 1396146, 3061423, 1563415, 1498008, 3938760, 2019732, 1919028, 3992113, 2053208, 1938905, 3656130, 1860562, 1795568, 3020706, 1527085, 1493621, 2678333, 1327094, 1351239, 1819301, 891861, 927440, 1154779, 553702, 601077, 975703, 477163, 498540, 593894, 298518, 295376, 300777, 152277, 148500, 110128, 52917, 57211, 29156, 12971, 16185, 8389, 3664, 4725, 488, 194, 294),
        ('id10', '上海', 23019196, 11854916, 11164280, 128222, 67467, 60755, 665073, 355124, 309949, 632783, 340432, 292351, 556781, 294286, 262495, 1121172, 575676, 545496, 2620370, 1339673, 1280697, 2571181, 1319622, 1251559, 2128116, 1113853, 1014263, 1921297, 1025778, 895519, 1877736, 1001047, 876689, 1800678, 956736, 843942, 1802722, 932637, 870085, 1723410, 872884, 850526, 1138342, 587260, 551082, 665353, 338727, 326626, 523047, 251633, 271414, 555109, 248892, 306217, 351530, 147101, 204429, 172942, 65346, 107596, 52295, 17479, 34816, 10109, 3068, 7041, 928, 195, 733),
        ('id11', '江苏', 78660941, 39626707, 39034234, 683985, 367638, 316347, 3123269, 1712346, 1410923, 3207573, 1754767, 1452806, 3218657, 1753098, 1465559, 5642735, 2939819, 2702916, 7783471, 3887759, 3895712, 5631916, 2782481, 2849435, 5529757, 2755438, 2774319, 6405159, 3185636, 3219523, 7966614, 3924609, 4042005, 6525182, 3255929, 3269253, 4938416, 2510290, 2428126, 5429570, 2742953, 2686617, 4015991, 2038145, 1977846, 2878272, 1454528, 1423744, 2272319, 1119522, 1152797, 1730639, 794443, 936196, 1035707, 428578, 607129, 476649, 170336, 306313, 136102, 40532, 95570, 26805, 7406, 19399, 2153, 454, 1699),
        ('id12', '浙江', 54426891, 27965641, 26461250, 443261, 240036, 203225, 1990898, 1065018, 925880, 2377561, 1264707, 1112854, 2377355, 1260411, 1116944, 3591687, 1865826, 1725861, 4950650, 2533298, 2417352, 4466744, 2279194, 2187550, 4459956, 2296739, 2163217, 5172500, 2652552, 2519948, 5475518, 2793988, 2681530, 4726043, 2428602, 2297441, 3497645, 1817064, 1680581, 3338440, 1701943, 1636497, 2476958, 1265067, 1211891, 1520657, 784795, 735862, 1320843, 679934, 640909, 1167148, 570340, 596808, 679706, 311543, 368163, 300824, 122710, 178114, 78008, 27374, 50634, 13298, 4192, 9106, 1191, 308, 883),
        ('id13', '安徽', 59500468, 30245513, 29254955, 748259, 421009, 327250, 2945073, 1643659, 1301414, 3325594, 1844189, 1481405, 3557210, 1943519, 1613691, 4744232, 2468849, 2275383, 4912202, 2353868, 2558334, 3620338, 1738599, 1881739, 4007746, 1989930, 2017816, 5351187, 2672730, 2678457, 6229450, 3078803, 3150647, 4927826, 2462328, 2465498, 2558528, 1324934, 1233594, 3641290, 1846009, 1795281, 2846985, 1475884, 1371101, 2207841, 1150478, 1057363, 1607207, 825287, 781920, 1194893, 573513, 621380, 685491, 296820, 388671, 297290, 109030, 188260, 73716, 21494, 52222, 16114, 4246, 11868, 1996, 335, 1661),
        ('id14', '福建', 36894217, 18981054, 17913163, 400476, 222995, 177481, 1726787, 957385, 769402, 1856796, 1008140, 848656, 1721639, 940795, 780844, 2816779, 1485493, 1331286, 3918540, 1962823, 1955717, 3299934, 1661969, 1637965, 3048083, 1559374, 1488709, 3604164, 1847755, 1756409, 3426578, 1751557, 1675021, 2781033, 1419803, 1361230, 2126496, 1097620, 1028876, 1954524, 989791, 964733, 1300258, 677823, 622435, 910859, 475129, 435730, 795172, 400388, 394784, 603599, 282423, 321176, 379313, 162540, 216773, 162949, 59577, 103372, 48476, 14709, 33767, 10704, 2744, 7960, 1058, 221, 837),
        ('id15', '江西', 44567797, 23003521, 21564276, 578832, 319203, 259629, 2883942, 1639432, 1244510, 3232057, 1835120, 1396937, 3067402, 1718186, 1349216, 3425991, 1834229, 1591762, 4025717, 1992465, 2033252, 3032051, 1466019, 1566032, 3592953, 1779553, 1813400, 4029729, 2032118, 1997611, 3780745, 1913047, 1867698, 3049892, 1540906, 1508986, 2471918, 1256966, 1214952, 2297310, 1167310, 1130000, 1710957, 878288, 832669, 1143769, 582238, 561531, 990367, 490625, 499742, 669606, 314505, 355101, 370766, 163313, 207453, 161919, 62894, 99025, 41959, 13840, 28119, 9316, 3102, 6214, 599, 162, 437),
        ('id16', '山东', 95792719, 48446944, 47345775, 980428, 533599, 446829, 4354309, 2404250, 1950059, 4967926, 2672557, 2295369, 4771546, 2538286, 2233260, 5461457, 2854002, 2607455, 9485391, 4777476, 4707915, 6937780, 3464999, 3472781, 6501667, 3276452, 3225215, 7911653, 4003096, 3908557, 9326952, 4683874, 4643078, 8075051, 4008907, 4066144, 6253297, 3163552, 3089745, 6634801, 3333497, 3301304, 4700775, 2344826, 2355949, 3146472, 1566196, 1580276, 2496437, 1223554, 1272883, 1965207, 895661, 1069546, 1158994, 476302, 682692, 488365, 174092, 314273, 142128, 43107, 99021, 29384, 8026, 21358, 2699, 633, 2066),
        ('id17', '河南', 94029939, 47493063, 46536876, 1043852, 564511, 479341, 6063217, 3387106, 2676111, 6480010, 3655027, 2824983, 6160239, 3414352, 2745887, 7418890, 3861615, 3557275, 9611242, 4641380, 4969862, 6125379, 2934786, 3190593, 5997389, 2948021, 3049368, 7374290, 3683925, 3690365, 8331878, 4087217, 4244661, 6859450, 3329233, 3530217, 4915502, 2431122, 2484380, 5680391, 2823720, 2856671, 4108866, 2069949, 2038917, 2803020, 1392429, 1410591, 2091708, 1021455, 1070253, 1572918, 714570, 858348, 873698, 363668, 510030, 379099, 131034, 248065, 109292, 30531, 78761, 26668, 6738, 19930, 2941, 674, 2267),
        ('id18', '湖北', 57237727, 29391247, 27846480, 590805, 327178, 263627, 2389245, 1319597, 1069648, 2461063, 1361844, 1099219, 2522695, 1406696, 1115999, 4806737, 2560263, 2246474, 5584166, 2794304, 2789862, 4019964, 1984503, 2035461, 3918104, 1976252, 1941852, 4857877, 2465831, 2392046, 5616356, 2862689, 2753667, 5108599, 2610967, 2497632, 3699126, 1893401, 1805725, 3689032, 1882390, 1806642, 2772064, 1428267, 1343797, 1923354, 982209, 941145, 1428361, 710557, 717804, 1043510, 493262, 550248, 516297, 226131, 290166, 222701, 83013, 139688, 53062, 17122, 35940, 13783, 4574, 9209, 826, 197, 629),
        ('id19', '湖南', 65700762, 33776459, 31924303, 795454, 439116, 356338, 3390387, 1853393, 1536994, 3925321, 2165639, 1759682, 3465353, 1879394, 1585959, 4183927, 2175503, 2008424, 6148485, 3031499, 3116986, 4739884, 2321047, 2418837, 4329801, 2178922, 2150879, 5698032, 2944331, 2753701, 6403343, 3272744, 3130599, 5350689, 2732405, 2618284, 3649926, 1892152, 1757774, 4064307, 2082980, 1981327, 3136492, 1631170, 1505322, 2104528, 1099436, 1005092, 1879283, 960089, 919194, 1306861, 631505, 675356, 730300, 331161, 399139, 300139, 119866, 180273, 77844, 27252, 50592, 18809, 6467, 12342, 1597, 388, 1209),
        ('id20', '广东', 104320459, 54400538, 49919921, 1081126, 590546, 490580, 4543610, 2504890, 2038720, 5167116, 2876896, 2290220, 6812178, 3729615, 3082563, 9989559, 5193402, 4796157, 12275490, 6297809, 5977681, 10621267, 5535552, 5085715, 8934834, 4702015, 4232819, 9533299, 4958950, 4574349, 8864774, 4588317, 4276457, 7046805, 3687090, 3359715, 4898765, 2553947, 2344818, 4399245, 2246294, 2152951, 3066241, 1598914, 1467327, 2167799, 1111111, 1056688, 1911014, 951903, 959111, 1493634, 682950, 810684, 903014, 380639, 522375, 421972, 152671, 269301, 142326, 43680, 98646, 42091, 12481, 29610, 4300, 866, 3434),
        ('id21', '广西', 46023761, 23924704, 22099057, 712891, 392805, 320086, 2807588, 1531191, 1276397, 3318290, 1791975, 1526315, 3152052, 1707841, 1444211, 3429296, 1825863, 1603433, 3853883, 1987801, 1866082, 3657034, 1875290, 1781744, 3481060, 1800487, 1680573, 3716207, 1947361, 1768846, 3793212, 1997311, 1795901, 3290568, 1718836, 1571732, 2377129, 1224675, 1152454, 2398317, 1224627, 1173690, 1783313, 915051, 868262, 1406191, 698327, 707864, 1171256, 569394, 601862, 859470, 392390, 467080, 490626, 208789, 281837, 219115, 81769, 137346, 79773, 25432, 54341, 23513, 6881, 16632, 2977, 608, 2369),
        ('id22', '海南', 8671485, 4592283, 4079202, 120973, 67323, 53650, 483567, 268681, 214886, 535731, 300832, 234899, 575072, 325169, 249903, 782459, 415119, 367340, 807157, 415337, 391820, 773022, 399870, 373152, 675851, 356762, 319089, 703749, 375556, 328193, 730966, 391670, 339296, 665487, 358251, 307236, 440224, 235387, 204837, 394981, 206800, 188181, 282564, 150197, 132367, 193406, 96884, 96522, 201972, 98021, 103951, 151338, 71080, 80258, 90666, 38077, 52589, 41722, 15235, 26487, 14888, 4531, 10357, 4528, 1246, 3282, 1162, 255, 907),
        ('id23', '重庆', 28846170, 14608870, 14237300, 262561, 138977, 123584, 1304130, 690596, 613534, 1539908, 822225, 717683, 1796761, 947831, 848930, 2245342, 1138466, 1106876, 2149066, 1058172, 1090894, 1565973, 764663, 801310, 1456089, 708598, 747491, 2852283, 1423486, 1428797, 2725931, 1372752, 1353179, 2201456, 1106618, 1094838, 1533112, 794808, 738304, 2189164, 1102901, 1086263, 1642926, 853362, 789564, 1267179, 661826, 605353, 911246, 466956, 444290, 629562, 304833, 324729, 371516, 170557, 200959, 148017, 61723, 86294, 43367, 15998, 27369, 9755, 3324, 6431, 826, 198, 628),
        ('id24', '四川', 80417528, 40827834, 39589694, 740904, 390791, 350113, 3536151, 1859472, 1676679, 4277626, 2261957, 2015669, 5092442, 2683611, 2408831, 6213182, 3174578, 3038604, 6360027, 3167922, 3192105, 4514128, 2238807, 2275321, 4874122, 2421335, 2452787, 8077512, 4072193, 4005319, 7819390, 3970327, 3849063, 5934098, 3014140, 2919958, 4142765, 2134376, 2008389, 5725272, 2866005, 2859267, 4304402, 2221048, 2083354, 3295231, 1693975, 1601256, 2408632, 1222331, 1186301, 1588550, 771359, 817191, 962223, 444732, 517491, 399472, 165577, 233895, 118758, 42464, 76294, 29414, 9918, 19496, 3227, 916, 2311),
        ('id25', '贵州', 34748556, 17905471, 16843085, 475282, 261641, 213641, 1963917, 1088329, 875588, 2745811, 1482935, 1262876, 3593232, 1888050, 1705182, 2827796, 1474002, 1353794, 2426464, 1200046, 1226418, 2059781, 1032802, 1026979, 2403607, 1226542, 1177065, 3095821, 1611623, 1484198, 2971556, 1541384, 1430172, 2317950, 1191817, 1126133, 1587809, 811287, 776522, 1818258, 913554, 904704, 1435091, 725019, 710072, 1131419, 563949, 567470, 907116, 442553, 464563, 564064, 266704, 297360, 289384, 131035, 158349, 98052, 39397, 58655, 28165, 10090, 18075, 7150, 2471, 4679, 831, 241, 590),
        ('id26', '云南', 45966766, 23856696, 22110070, 556947, 294144, 262803, 2360943, 1250950, 1109993, 3133577, 1659678, 1473899, 3475325, 1835439, 1639886, 3693141, 1924103, 1769038, 4083725, 2094298, 1989427, 3572599, 1871027, 1701572, 3931583, 2074103, 1857480, 4379894, 2328062, 2051832, 4068439, 2142791, 1925648, 3345400, 1739981, 1605419, 2133490, 1095569, 1037921, 2146376, 1084950, 1061426, 1579853, 798070, 781783, 1233417, 609900, 623517, 1004041, 489016, 515025, 694259, 324807, 369452, 383530, 168222, 215308, 142391, 55051, 87340, 37820, 13073, 24747, 9239, 3253, 5986, 777, 209, 568),
        ('id27', '西藏', 3002165, 1542652, 1459513, 45268, 23346, 21922, 201029, 102886, 98143, 237982, 121415, 116567, 247405, 125906, 121499, 270675, 141186, 129489, 327630, 172999, 154631, 310214, 161381, 148833, 252326, 132424, 119902, 248672, 130917, 117755, 227977, 118900, 109077, 187860, 97943, 89917, 120934, 61715, 59219, 93828, 47199, 46629, 77457, 37447, 40010, 60450, 28057, 32393, 43068, 19220, 23848, 26484, 11049, 15435, 14981, 5744, 9237, 5827, 2113, 3714, 1517, 547, 970, 543, 241, 302, 38, 17, 21),
        ('id28', '陕西', 37327379, 19287575, 18039804, 334718, 179263, 155455, 1471510, 793674, 677836, 1669727, 907840, 761887, 2013440, 1100807, 912633, 3331277, 1752574, 1578703, 3941487, 2011071, 1930416, 2827013, 1443775, 1383238, 2542726, 1306244, 1236482, 3293127, 1691341, 1601786, 3390021, 1752844, 1637177, 2957295, 1529697, 1427598, 2488577, 1287971, 1200606, 2269642, 1153183, 1116459, 1612982, 819821, 793161, 1219790, 607488, 612302, 945882, 464072, 481810, 597003, 290914, 306089, 272582, 131397, 141185, 113214, 49727, 63487, 28260, 11074, 17186, 6766, 2687, 4079, 340, 111, 229),
        ('id29', '甘肃', 25575263, 13064193, 12511070, 276977, 149668, 127309, 1112667, 602691, 509976, 1445587, 773015, 672572, 1808904, 958255, 850649, 2435585, 1253158, 1182427, 2318564, 1142615, 1175949, 1686018, 835598, 850420, 1599412, 810650, 788762, 2384986, 1203659, 1181327, 2663227, 1348508, 1314719, 2039894, 1042022, 997872, 1263287, 659318, 603969, 1359297, 694781, 664516, 1075283, 541662, 533621, 855738, 431452, 424286, 648464, 325137, 323327, 383537, 188730, 194807, 144438, 70650, 73788, 56407, 25455, 30952, 13354, 5586, 7768, 3444, 1525, 1919, 193, 58, 135),
        ('id30', '青海', 5626723, 2913793, 2712930, 71664, 37911, 33753, 297154, 154744, 142410, 386107, 199588, 186519, 422181, 217250, 204931, 489085, 251790, 237295, 487100, 251152, 235948, 426919, 220178, 206741, 489129, 254853, 234276, 569020, 301903, 267117, 559044, 295724, 263320, 422732, 223728, 199004, 241896, 127841, 114055, 232793, 118916, 113877, 177215, 87431, 89784, 144094, 69039, 75055, 109187, 53509, 55678, 63887, 31124, 32763, 26186, 12400, 13786, 8878, 3756, 5122, 1929, 745, 1184, 439, 179, 260, 84, 32, 52),
        ('id31', '宁夏', 6301350, 3227404, 3073946, 75277, 40062, 35215, 341751, 181134, 160617, 440189, 231455, 208734, 490813, 254028, 236785, 552137, 280086, 272051, 551463, 276639, 274824, 501079, 252813, 248266, 539244, 275407, 263837, 592210, 305743, 286467, 576333, 295336, 280997, 445356, 231469, 213887, 292737, 151258, 141479, 293466, 148324, 145142, 206508, 102752, 103756, 159952, 78250, 81702, 122752, 61392, 61360, 72794, 36997, 35797, 31877, 16665, 15212, 11577, 5804, 5773, 2968, 1413, 1555, 791, 357, 434, 76, 20, 56),
        ('id32', '新疆', 21815815, 11270147, 10545668, 320400, 164879, 155521, 1243815, 638472, 605343, 1391142, 715776, 675366, 1506445, 773420, 733025, 1752486, 898641, 853845, 2117568, 1074762, 1042806, 1823530, 928530, 895000, 1794325, 918011, 876314, 2204159, 1146605, 1057554, 2142691, 1124162, 1018529, 1539869, 822073, 717796, 1025197, 541414, 483783, 846571, 433766, 412805, 693538, 342488, 351050, 561795, 278669, 283126, 444331, 243253, 201078, 230768, 125439, 105329, 112835, 64447, 48388, 44509, 25198, 19311, 14638, 7542, 7096, 4460, 2241, 2219, 743, 359, 384);

insert into setting_default_tab (id, name, name_en, icon, user_id, url, module, remark, order_by, subsystem_id, create_time, update_time)
values  ('3607a3936f28a783f0ca2624a98d6a47', '首页', 'main', null, 'db288d951c390afb08c8341088bd90fa', '/dashboard', null, null, null, null, '2022-06-13 01:21:57', '2022-06-13 01:21:57');